Country,Age,Salary,Purchased,Color
France,44,72000,No,Red
Spain,27,48000,Yes,Yellow
Germany,30,54000,No,Green
Spain,38,61000,No,Green
Germany,40,na,Yes,Yellow
France,35,58000,Yes,Red
Spain,,52000,No,Red
France,48,79000,Yes,Yellow
Germany,50,83000,NaN,Green
France,37,67000,Yes,Red
France,34,72000,No,Red
Spain,43,48000,Yes,Yellow
Germany,56,54000,No,Green
Spain,89,61000,No,Green
Germany,65,na,Yes,Yellow
France,28,58000,Yes,Red
Spain,31,52000,No,Red
France,41,79000,Yes,Yellow
Germany,50,83000,NaN,Green
France,44,67000,Yes,Red
France,27,72000,No,Red
Spain,30,48000,Yes,Red
Germany,38,54000,No,Yellow
Spain,40,61000,No,Yellow
Germany,,__,Yes,Green
France,32,58000,Yes,Green
Spain,41,52000,No,Yellow
France,51,79000,Yes,Red
Germany,49,83000,NaN,Red
France,33,67000,Yes,Yellow
France,29,72000,No,Red
Spain,31,48000,Yes,Yellow
Germany,27,54000,No,Green
Spain,30,61000,No,Green
Germany,38,0,Yes,Yellow
France,40,58000,Yes,Red
Spain,35,52000,No,Red
France,40,79000,Yes,Yellow
Germany,35,83000,NaN,Green
France,38,67000,Yes,Red
France,44,72000,No,Red
Spain,27,48000,Yes,Yellow
Germany,30,54000,No,Green
Spain,38,61000,No,Green
Germany,40,na,Yes,Yellow
France,35,58000,Yes,Red
Spain,,52000,No,Red
France,48,79000,Yes,Yellow
Germany,50,83000,NaN,Green
France,37,67000,Yes,Red
France,34,72000,No,Red
Spain,43,48000,Yes,Yellow
Germany,56,54000,No,Green
Spain,89,61000,No,Green
Germany,65,na,Yes,Yellow
France,28,58000,Yes,Red
Spain,31,52000,No,Red
France,41,79000,Yes,Yellow
Germany,50,83000,NaN,Green
France,44,67000,Yes,Red
France,27,72000,No,Red
Spain,30,48000,Yes,Red
Germany,38,54000,No,Yellow
Spain,40,61000,No,Yellow
Germany,,__,Yes,Green
France,32,58000,Yes,Green
Spain,41,52000,No,Yellow
France,51,79000,Yes,Red
Germany,49,83000,NaN,Red
France,33,67000,Yes,Yellow
France,29,72000,No,Red
Spain,31,48000,Yes,Yellow
Germany,27,54000,No,Green
Spain,30,61000,No,Green
Germany,38,0,Yes,Yellow
France,40,58000,Yes,Red
Spain,35,52000,No,Red
France,40,79000,Yes,Yellow
Germany,35,83000,NaN,Green
France,38,67000,Yes,Red
France,44,72000,No,Red
Spain,27,48000,Yes,Yellow
Germany,30,54000,No,Green
Spain,38,61000,No,Green
Germany,40,na,Yes,Yellow
France,35,58000,Yes,Red
Spain,,52000,No,Red
France,48,79000,Yes,Yellow
Germany,50,83000,NaN,Green
France,37,67000,Yes,Red
France,34,72000,No,Red
Spain,43,48000,Yes,Yellow
Germany,56,54000,No,Green
Spain,89,61000,No,Green
Germany,65,na,Yes,Yellow
France,28,58000,Yes,Red
Spain,31,52000,No,Red
France,41,79000,Yes,Yellow
Germany,50,83000,NaN,Green
France,44,67000,Yes,Red
France,27,72000,No,Red
Spain,30,48000,Yes,Red
Germany,38,54000,No,Yellow
Spain,40,61000,No,Yellow
Germany,,__,Yes,Green
France,32,58000,Yes,Green
Spain,41,52000,No,Yellow
France,51,79000,Yes,Red
Germany,49,83000,NaN,Red
France,33,67000,Yes,Yellow
France,29,72000,No,Red
Spain,31,48000,Yes,Yellow
Germany,27,54000,No,Green
Spain,30,61000,No,Green
Germany,38,0,Yes,Yellow
France,40,58000,Yes,Red
Spain,35,52000,No,Red
France,40,79000,Yes,Yellow
Germany,35,83000,NaN,Green
France,38,67000,Yes,Red
